date,period,symbol,best_bid,best_ask,mid_price,spread,bid_depth,ask_depth,deep_bid_depth,deep_ask_depth,imbalance,skewness,kurtosis,volatility
20082019,0,bbbbbbINFY,78520,78550,78535.0,30,8712.0,1.0,45531.0,603.0,0.9997704579364168,0.3272577488670712,1.465351802636469,0.0
20082019,1,bbbbbbINFY,78460,78465,78462.5,5,1835.0,594.0,2910.0,3131.0,0.5109098394400988,0.3307781941825793,1.3791351794122826,0.001372437611269741
20082019,2,bbbbbbINFY,78625,78660,78642.5,35,142.0,10.0,1322.0,2109.0,0.868421052631579,-0.42795880863162616,1.3445320959073987,0.0015127349298223543
20082019,3,bbbbbbINFY,78705,78720,78712.5,15,417.0,6.0,2497.0,1266.0,0.9716312056737588,0.5801331308030392,1.494801760399605,0.0013329832219298543
20082019,4,bbbbbbINFY,78910,78925,78917.5,15,163.0,404.0,6531.0,938.0,-0.42504409171075835,2.2877036681840974,8.743159801591093,0.001553823190184951
20082019,5,bbbbbbINFY,78900,78905,78902.5,5,356.0,120.0,1977.0,2136.0,0.4957983193277311,-0.214421845380633,1.2786385992205724,0.0010298718210763383
20082019,6,bbbbbbINFY,78930,78950,78940.0,20,97.0,466.0,964.0,2810.0,-0.655417406749556,-0.8920172253986268,2.2341031153475512,0.001188545300723065
20082019,7,bbbbbbINFY,79220,79240,79230.0,20,338.0,34.0,2813.0,7137.0,0.8172043010752689,-1.053018374879688,2.2437559971454424,0.000999760258459283
20082019,8,bbbbbbINFY,79170,79190,79180.0,20,100.0,31.0,2062.0,10868.0,0.5267175572519084,-1.887698425576856,4.627551814242771,0.0007031949649527443
20082019,9,bbbbbbINFY,79065,79105,79085.0,40,63.0,536.0,2351.0,2392.0,-0.7896494156928213,0.010686852264802323,1.111146713734341,0.0010802651658000037
20082019,10,bbbbbbINFY,79170,79175,79172.5,5,519.0,394.0,1690.0,2546.0,0.13691128148959475,-0.5691323200036746,1.7629247110236739,0.0015918449001113626
20082019,11,bbbbbbINFY,79350,79365,79357.5,15,775.0,613.0,3303.0,3770.0,0.11671469740634005,-0.20331154978489796,1.3531924543885798,0.0010858967860734616
20082019,12,bbbbbbINFY,79325,79330,79327.5,5,84.0,1.0,3588.0,9425.0,0.9764705882352941,-0.8972897709288673,2.0274981735832247,0.000735155318966245
20082019,13,bbbbbbINFY,79400,79430,79415.0,30,102.0,356.0,1462.0,3861.0,-0.5545851528384279,-0.9324417569843462,2.0391939253631413,0.0011912184650373667
20082019,14,bbbbbbINFY,79415,79420,79417.5,5,179.0,544.0,5172.0,16713.0,-0.5048409405255878,-1.2140720531569302,2.793070199428612,0.0006327195227055344
20082019,15,bbbbbbINFY,79400,79410,79405.0,10,117.0,407.0,1977.0,1602.0,-0.5534351145038168,0.2742771893104865,1.2947922700380667,0.0007396077733629313
20082019,16,bbbbbbINFY,79330,79335,79332.5,5,438.0,44.0,3729.0,1946.0,0.8174273858921162,0.5103113742267541,1.7328785643042215,0.0005706165423518274
20082019,17,bbbbbbINFY,79375,79380,79377.5,5,436.0,487.0,2728.0,8754.0,-0.0552546045503792,-1.1893144324737337,2.72334470980504,0.0010059882171835114
20082019,18,bbbbbbINFY,79420,79435,79427.5,15,675.0,1000.0,2538.0,13044.0,-0.19402985074626866,-1.529071298099618,4.422672018487182,0.0006751046451420374
20082019,19,bbbbbbINFY,79490,79495,79492.5,5,416.0,891.0,1920.0,23008.0,-0.3634276970160673,-1.9874945835349354,10.0156261309276,0.0009289649201883071
20082019,20,bbbbbbINFY,79470,79475,79472.5,5,52.0,53.0,3925.0,23287.0,-0.009523809523809525,-2.011339555171704,5.254548020356135,0.00044483651555158357
20082019,21,bbbbbbINFY,79570,79585,79577.5,15,1588.0,30.0,3683.0,1875.0,0.9629171817058096,0.49526506798064995,1.8827650963481453,0.0006187704696217131
20082019,22,bbbbbbINFY,79550,79555,79552.5,5,1180.0,49.0,2611.0,1642.0,0.9202603742880391,0.3596325562123223,1.7174115184506267,0.0007695512500941585
20082019,23,bbbbbbINFY,79450,79485,79467.5,35,1360.0,598.0,4041.0,4624.0,0.3891726251276813,-0.13464055741607922,1.3081938608264123,0.0011905120755692762
20082019,24,bbbbbbINFY,79450,79490,79470.0,40,277.0,612.0,7140.0,3886.0,-0.37682789651293586,0.5535077521378773,1.4691616886259737,0.0009458096266751631
20082019,25,bbbbbbINFY,79420,79445,79432.5,25,2698.0,1.0,15454.0,1359.0,0.9992589848091886,2.2219342791317485,7.513634510158416,0.000744792015783491
20082019,26,bbbbbbINFY,79405,79425,79415.0,20,1200.0,366.0,4664.0,3773.0,0.5325670498084292,0.11729275395603439,1.3655328371231588,0.0006420881494729287
20082019,27,bbbbbbINFY,79390,79400,79395.0,10,1270.0,425.0,21265.0,1376.0,0.49852507374631266,2.7288389198102876,12.008156697296881,0.00036721765326548086
20082019,28,bbbbbbINFY,79380,79395,79387.5,15,123.0,2.0,7426.0,2216.0,0.968,1.1216016984560075,2.7189138173516145,0.0004837574432551162
20082019,29,bbbbbbINFY,79370,79385,79377.5,15,414.0,686.0,2877.0,5678.0,-0.24727272727272728,-0.6233876625295761,1.6379293741296024,0.0005155601863646726
20082019,30,bbbbbbINFY,79330,79340,79335.0,10,863.0,89.0,2174.0,10891.0,0.8130252100840336,-1.9433134135956274,5.884555199536717,0.000356496577974578
20082019,31,bbbbbbINFY,79245,79250,79247.5,5,3504.0,100.0,21492.0,48007.0,0.9445061043285239,-0.8585319698586198,1.9771855161565288,0.0007752067948666026
20082019,32,bbbbbbINFY,79260,79265,79262.5,5,44.0,7.0,2427.0,30375.0,0.7254901960784313,-3.0545735648288255,11.177638285177174,0.00030255412997336623
20082019,33,bbbbbbINFY,79250,79265,79257.5,15,1355.0,143.0,5303.0,31069.0,0.8090787716955942,-2.085246808759607,5.805907624838525,0.0005917797177410716
20082019,34,bbbbbbINFY,79250,79260,79255.0,10,553.0,131.0,5515.0,28428.0,0.6169590643274854,-1.9534591372046992,5.025168967849648,0.0006911649149400906
20082019,35,bbbbbbINFY,79245,79250,79247.5,5,50.0,23114.0,23581.0,25202.0,-0.9956829563115178,-0.0636613988580702,1.3940914434024205,0.0004417424828284299
20082019,36,bbbbbbINFY,79220,79250,79235.0,30,7391.0,14075.0,34583.0,16805.0,-0.31137612969346873,0.5924831866917283,1.8749997056885046,0.0006941443969700746
20082019,37,bbbbbbINFY,79200,79215,79207.5,15,6735.0,1.0,13900.0,666.0,0.9997030878859857,0.9988772917543924,4.277077521032557,0.00019961857832965645
20082019,38,bbbbbbINFY,79175,79195,79185.0,20,1300.0,70.0,6502.0,9833.0,0.8978102189781022,-0.3951438550045797,1.8052786824114995,0.0007417848450593568
20082019,39,bbbbbbINFY,79195,79200,79197.5,5,159.0,5034.0,1575.0,6093.0,-0.9387637203928365,-0.18014260338355295,3.713692937460533,0.00023622320073284433
20082019,40,bbbbbbINFY,79330,79350,79340.0,20,181.0,3960.0,8163.0,6005.0,-0.9125815020526443,0.4576852729915376,1.6371561629627922,0.0007322257544429107
20082019,41,bbbbbbINFY,79290,79300,79295.0,10,399.0,4415.0,1246.0,5708.0,-0.8342334856668051,-0.09695863103290381,3.706442466294925,0.000504445425974609
20082019,42,bbbbbbINFY,79310,79345,79327.5,35,101.0,608.0,5053.0,6296.0,-0.7150916784203103,-0.17229745726677553,1.180241532572589,0.0008338148966802563
20082019,43,bbbbbbINFY,79295,79300,79297.5,5,161.0,16.0,1840.0,833.0,0.8192090395480226,0.6378517855523008,1.5628922752325682,0.0013973021171738173
20082019,44,bbbbbbINFY,79320,79325,79322.5,5,112.0,66.0,5517.0,7436.0,0.25842696629213485,-0.3372174356070181,1.1887161813391018,0.0004411629522907369
20082019,45,bbbbbbINFY,79340,79345,79342.5,5,87.0,138.0,1495.0,2167.0,-0.22666666666666666,-0.23652080044509205,1.4449780604125801,0.0005272187681595029
20082019,46,bbbbbbINFY,79420,79445,79432.5,25,214.0,40.0,6718.0,2547.0,0.6850393700787402,0.9006240239796963,2.0196504241109237,0.0012946289797603336
20082019,47,bbbbbbINFY,79455,79460,79457.5,5,116.0,978.0,2098.0,4949.0,-0.7879341864716636,-0.6241502218411707,2.009950976672148,0.0002437223256730334
20082019,48,bbbbbbINFY,79415,79445,79430.0,30,170.0,169.0,3067.0,2265.0,0.0029498525073746312,0.30475214102789583,1.2030645192059517,0.0009208221035153128
20082019,49,bbbbbbINFY,79435,79455,79445.0,20,341.0,147.0,3147.0,1829.0,0.3975409836065574,0.4863061653372237,1.4292219267199364,0.0006003590661100564
20082019,50,bbbbbbINFY,79465,79470,79467.5,5,31.0,1250.0,3401.0,6867.0,-0.9516003122560499,-0.4616283132478596,1.6226801482772615,0.0003329439909866394
20082019,51,bbbbbbINFY,79480,79490,79485.0,10,148.0,117.0,4627.0,15188.0,0.1169811320754717,-1.1933717389337588,2.6557012168083496,0.0006476372675163765
20082019,52,bbbbbbINFY,79670,79690,79680.0,20,1157.0,78.0,1883.0,8133.0,0.8736842105263158,-1.764537543804693,4.892085279638108,0.0013864908664973307
20082019,53,bbbbbbINFY,79585,79600,79592.5,15,1274.0,745.0,10174.0,4671.0,0.26201089648340764,0.6818616768719595,1.7833840290221181,0.0006467882454768983
20082019,54,bbbbbbINFY,79595,79600,79597.5,5,1433.0,1007.0,11270.0,4456.0,0.17459016393442622,0.9279908881882716,2.4760193049867323,0.0006467257765694785
20082019,55,bbbbbbINFY,79600,79605,79602.5,5,39.0,10.0,5770.0,2000.0,0.5918367346938775,1.0022456938347344,2.3258254525041404,0.0006466104349672082
20082019,56,bbbbbbINFY,79515,79530,79522.5,15,357.0,1106.0,7784.0,2376.0,-0.5119617224880383,1.4233706236867165,3.7653331545042934,0.0006595214964153483
20082019,57,bbbbbbINFY,79560,79565,79562.5,5,297.0,527.0,1054.0,3066.0,-0.279126213592233,-1.1808721737067527,3.4099980403174484,0.0004617790300442186
20082019,58,bbbbbbINFY,79575,79585,79580.0,10,161.0,304.0,837.0,3443.0,-0.30752688172043013,-1.5100752134146043,3.7439578479458038,0.00034413546117201846
20082019,59,bbbbbbINFY,79575,79580,79577.5,5,1.0,37.0,2802.0,6407.0,-0.9473684210526315,-0.8921295456506181,1.888416913831238,0.0009130734367426268
20082019,60,bbbbbbINFY,79575,79580,79577.5,5,628.0,342.0,3648.0,7668.0,0.2948453608247423,-0.8881895487050587,2.0187751298439904,0.0004617666772764482
20082019,61,bbbbbbINFY,79610,79620,79615.0,10,35.0,1109.0,2261.0,3794.0,-0.9388111888111889,-0.14576106083282153,1.4708050573238605,0.0007160701895331931
20082019,62,bbbbbbINFY,79625,79650,79637.5,25,141.0,3929.0,4802.0,5859.0,-0.9307125307125307,-0.07437243232744051,1.3771093654331859,0.0008162162968122487
20082019,63,bbbbbbINFY,79665,79670,79667.5,5,80.0,2445.0,3613.0,10900.0,-0.9366336633663367,-0.6276931236341451,2.043408780065092,0.0003868960027706767
20082019,64,bbbbbbINFY,79615,79625,79620.0,10,174.0,72.0,4230.0,5179.0,0.4146341463414634,-0.1740228482565736,1.1506676313593,0.0009356358991742838
20082019,65,bbbbbbINFY,79645,79650,79647.5,5,478.0,555.0,2201.0,1029.0,-0.07454017424975799,0.45476799708196636,2.565757341569759,0.0003138885649381509
20082019,66,bbbbbbINFY,79630,79645,79637.5,15,1294.0,3388.0,8603.0,8450.0,-0.44724476719350703,-0.09304891110962665,1.3246435205070215,0.0008879695341977491
20082019,67,bbbbbbINFY,79610,79615,79612.5,5,1310.0,2.0,5686.0,2515.0,0.9969512195121951,0.5924494622142116,2.3977317587646594,0.00034397625223085
20082019,68,bbbbbbINFY,79615,79640,79627.5,25,839.0,1399.0,6074.0,4432.0,-0.25022341376228774,0.3167887238025637,1.4414024711917084,0.0008448759090821079
20082019,69,bbbbbbINFY,79605,79625,79615.0,20,1379.0,1130.0,6162.0,4606.0,0.09924272618573136,0.2962612164141582,1.6164358079020202,0.0008236243602771422
20082019,70,bbbbbbINFY,79565,79575,79570.0,10,539.0,1.0,3112.0,6936.0,0.9962962962962963,-0.7674246401503961,1.9923614261739562,0.0013433588535529761
20082019,71,bbbbbbINFY,79665,79680,79672.5,15,1707.0,70.0,7283.0,1267.0,0.9212155317951604,1.6520501878879048,4.546006835005562,0.0012787518392051525
20082019,72,bbbbbbINFY,79585,79590,79587.5,5,683.0,104.0,5364.0,2353.0,0.735705209656925,0.9445625153904975,2.449533090622941,0.0008334307930324227
20082019,73,bbbbbbINFY,79650,79660,79655.0,10,1314.0,20.0,6007.0,1827.0,0.9700149925037481,1.0463368654159304,2.511558848592296,0.0009763679427088805
20082019,74,bbbbbbINFY,79650,79675,79662.5,25,42.0,2.0,1074.0,1567.0,0.9090909090909091,-0.3844885095560636,1.2552815066745864,0.0011489883643417424
20082019,75,bbbbbbINFY,79635,79650,79642.5,15,562.0,50.0,3668.0,935.0,0.8366013071895425,1.2737573683401873,3.220344314482696,0.0008584088210380285
20082019,76,bbbbbbINFY,79685,79700,79692.5,15,1114.0,4638.0,9321.0,4958.0,-0.6126564673157163,0.46554184862764947,1.5327414291534667,0.0006520430830209386
20082019,77,bbbbbbINFY,79665,79685,79675.0,20,149.0,17.0,4922.0,3707.0,0.7951807228915663,0.21827221795107393,1.1695788395906812,0.0009392626162116717
20082019,78,bbbbbbINFY,79690,79695,79692.5,5,777.0,26.0,2724.0,752.0,0.9352428393524284,1.2283279598957744,3.3799831790075556,0.00036041847840865296
20082019,79,bbbbbbINFY,79675,79680,79677.5,5,812.0,1442.0,3668.0,4412.0,-0.2795031055900621,-0.06649424147680727,1.6964808230594004,0.0002875788424997029
20082019,80,bbbbbbINFY,79680,79690,79685.0,10,733.0,500.0,3877.0,3234.0,0.18896999188969993,-0.056155199890381986,1.294940123423419,0.0009200326047812562
20082019,81,bbbbbbINFY,79675,79680,79677.5,5,509.0,682.0,1491.0,4979.0,-0.1452560873215785,-1.0082135614546686,2.617211560315183,0.0003379109737950877
20082019,82,bbbbbbINFY,79655,79660,79657.5,5,272.0,151.0,1567.0,6605.0,0.2860520094562648,-1.4655309633270956,3.560659340965852,0.0010119853825010234
20082019,83,bbbbbbINFY,79615,79640,79627.5,25,242.0,380.0,5538.0,5056.0,-0.22186495176848875,0.16438750427024135,1.1539549181563167,0.0009928685819898058
20082019,84,bbbbbbINFY,79660,79670,79665.0,10,173.0,26.0,2970.0,2541.0,0.7386934673366834,0.15534307402920186,1.2707977669339927,0.0008741922831586147
20082019,85,bbbbbbINFY,79655,79665,79660.0,10,22.0,1.0,5798.0,5663.0,0.9130434782608695,-0.006509482311484407,1.0682752047325574,0.0005953298964348943
20082019,86,bbbbbbINFY,79650,79670,79660.0,20,7.0,66.0,4114.0,1998.0,-0.8082191780821918,0.7441073904117246,1.6424402158718903,0.0012237349593088962
20082019,87,bbbbbbINFY,79585,79600,79592.5,15,1033.0,1173.0,8547.0,3622.0,-0.06346328195829556,0.921273936386623,2.3723309627549325,0.0006587239338711878
20082019,88,bbbbbbINFY,79600,79610,79605.0,10,251.0,119.0,3571.0,696.0,0.3567567567567568,1.5599248900215932,3.883762303978613,0.00045723779258192504
20082019,89,bbbbbbINFY,79515,79540,79527.5,25,600.0,195.0,14837.0,1490.0,0.5094339622641509,2.703491989341794,9.38663783517471,0.0010501434237136854
20082019,90,bbbbbbINFY,79590,79600,79595.0,10,121.0,534.0,1838.0,988.0,-0.6305343511450382,0.61376532502958,2.6369110321865907,0.0004700279452603906
20082019,91,bbbbbbINFY,79570,79585,79577.5,15,2534.0,448.0,3750.0,2570.0,0.6995305164319249,-0.076355163016029,2.044862921606955,0.0005218310599577417
20082019,92,bbbbbbINFY,79585,79600,79592.5,15,609.0,3362.0,4549.0,4197.0,-0.6932762528330395,0.04992678802619049,1.5541137724228649,0.00045738847538681133
20082019,93,bbbbbbINFY,79520,79550,79535.0,30,734.0,163.0,13478.0,1507.0,0.6365663322185061,2.268606268888893,6.980902491116612,0.0012156855438580306
20082019,94,bbbbbbINFY,79470,79500,79485.0,30,378.0,1.0,5133.0,538.0,0.9947229551451188,2.043030147797995,6.485997202204654,0.0005071694345810026
20082019,95,bbbbbbINFY,79500,79520,79510.0,20,820.0,2120.0,3431.0,3196.0,-0.4421768707482993,0.01692378879607435,1.5999659700878721,0.000730704095496466
20082019,96,bbbbbbINFY,79510,79520,79515.0,10,706.0,1806.0,5532.0,3392.0,-0.43789808917197454,0.7182786392543119,2.23047541074143,0.0006946062554753967
20082019,97,bbbbbbINFY,79500,79510,79505.0,10,3968.0,229.0,6283.0,2149.0,0.8908744341196092,0.3138413447355046,2.6364119508501314,0.00027412144957206767
20082019,98,bbbbbbINFY,79530,79540,79535.0,10,696.0,170.0,3634.0,8323.0,0.6073903002309469,-0.8470170497431273,1.9768252681469476,0.0008435298589229876
20082019,99,bbbbbbINFY,79500,79515,79507.5,15,272.0,17.0,1272.0,8178.0,0.8823529411764706,-1.7389329154580575,5.051854781268008,0.0009639780334268597
20082019,100,bbbbbbINFY,79485,79500,79492.5,15,59.0,427.0,3581.0,1630.0,-0.757201646090535,0.8344892168814438,1.9896439917009965,0.0009179389061713364
20082019,101,bbbbbbINFY,79510,79520,79515.0,10,49.0,70.0,9052.0,1066.0,-0.17647058823529413,2.231286664289147,7.208770472355812,0.0009780835029573446
20082019,102,bbbbbbINFY,79525,79530,79527.5,5,1059.0,94.0,4299.0,3064.0,0.836947094535993,0.18324948247656006,1.3329678866266979,0.0006349446929471591
20082019,103,bbbbbbINFY,79505,79515,79510.0,10,933.0,112.0,10696.0,3094.0,0.785645933014354,1.1331479355509448,2.985781634525865,0.0005147404554823553
20082019,104,bbbbbbINFY,79510,79520,79515.0,10,256.0,1534.0,5349.0,7432.0,-0.7139664804469273,-0.11789589707685061,1.416372110097976,0.00021782350271679294
20082019,105,bbbbbbINFY,79505,79510,79507.5,5,870.0,1399.0,5085.0,4044.0,-0.23314235345967388,0.6642839928984113,2.284299430248601,0.0004705868946954404
20082019,106,bbbbbbINFY,79475,79490,79482.5,15,178.0,36.0,5731.0,5404.0,0.6635514018691588,0.008376574360271909,1.1773415503294422,0.0005337503538595765
20082019,107,bbbbbbINFY,79445,79465,79455.0,20,348.0,433.0,4102.0,4985.0,-0.1088348271446863,-0.13357109378721232,1.3539885748423586,0.0006777290410851136
20082019,108,bbbbbbINFY,79445,79450,79447.5,5,228.0,2107.0,3625.0,3357.0,-0.8047109207708779,0.19912828182488876,2.128526910447907,0.0003447202506432654
20082019,109,bbbbbbINFY,79445,79450,79447.5,5,1124.0,95.0,2026.0,1427.0,0.8441345365053322,0.09877098618575635,1.546662873714196,0.0007576631291642585
20082019,110,bbbbbbINFY,79495,79500,79497.5,5,629.0,2920.0,1951.0,10187.0,-0.645533953226261,-1.1160650674998251,3.5937504820184967,0.0003826310016860771
20082019,111,bbbbbbINFY,79480,79490,79485.0,10,643.0,42.0,2518.0,11869.0,0.8773722627737226,-1.537200861176884,4.060664269949455,0.00034453304659692847
20082019,112,bbbbbbINFY,79470,79475,79472.5,5,648.0,203.0,3481.0,7809.0,0.5229142185663925,-0.7212446538913365,1.8949742582352762,0.0003721985368231707
20082019,113,bbbbbbINFY,79490,79500,79495.0,10,41.0,4797.0,3707.0,15968.0,-0.9830508474576272,-0.9258017837335593,2.7151062005164874,0.000421935297504274
20082019,114,bbbbbbINFY,79490,79500,79495.0,10,233.0,4378.0,2544.0,16308.0,-0.8989373237909347,-1.2239138121034534,3.700149969515105,0.0002812858727303802
20082019,115,bbbbbbINFY,79480,79485,79482.5,5,1583.0,257.0,4959.0,12407.0,0.7206521739130435,-1.14438684879027,2.7578204282610357,0.0005186891279092478
20082019,116,bbbbbbINFY,79485,79490,79487.5,5,892.0,89.0,3369.0,10103.0,0.81855249745158,-1.4137948146773525,3.486814996429275,0.0003826375072006667
20082019,117,bbbbbbINFY,79470,79480,79475.0,10,759.0,2.0,5386.0,12003.0,0.9947437582128777,-0.9104455530902209,1.9945611078202878,0.0004749384777598176
20082019,118,bbbbbbINFY,79480,79485,79482.5,5,1872.0,285.0,3865.0,20802.0,0.7357440890125174,-2.3204092666015184,7.198579872448236,0.00047489497432843636
20082019,119,bbbbbbINFY,79485,79490,79487.5,5,10.0,254.0,2776.0,23469.0,-0.9242424242424242,-2.608610387449958,8.674189697892576,0.00042662113140941673
20082019,120,bbbbbbINFY,79485,79495,79490.0,10,710.0,301.0,4227.0,23841.0,0.4045499505440158,-1.9332436403147215,5.504396728903689,0.0002741740841543669
20082019,121,bbbbbbINFY,79475,79490,79482.5,15,429.0,2532.0,2757.0,34823.0,-0.7102330293819655,-2.2950932238128137,8.598685578151407,0.000717229915627001
20082019,122,bbbbbbINFY,79455,79470,79462.5,15,72.0,253.0,2534.0,40290.0,-0.556923076923077,-3.5998441118104125,14.358684839632351,0.0006629208008586224
20082019,123,bbbbbbINFY,79475,79485,79480.0,10,25.0,655.0,1051.0,47495.0,-0.9264705882352942,-5.3995387422285495,35.70520200838967,0.0006717493265163541
20082019,124,bbbbbbINFY,79410,79415,79412.5,5,25.0,326.0,12413.0,4141.0,-0.8575498575498576,1.1852830495380975,2.692039223485561,0.0002518376279897485
20082019,125,bbbbbbINFY,79350,79355,79352.5,5,1453.0,259.0,5247.0,939.0,0.697429906542056,1.2677748488532374,4.105077543563518,0.0007182430300877409
20082019,126,bbbbbbINFY,79350,79370,79360.0,20,549.0,283.0,6517.0,1854.0,0.31971153846153844,0.8550864331665843,2.5929801919363706,0.0011094030702325324
20082019,127,bbbbbbINFY,79365,79375,79370.0,10,2029.0,276.0,5382.0,3618.0,0.7605206073752712,0.211463966661363,1.5377488892949303,0.00042725795912858537
20082019,128,bbbbbbINFY,79385,79395,79390.0,10,1444.0,306.0,2741.0,2993.0,0.6502857142857142,0.04181864328965823,2.2707764058833715,0.0002596669028140451
20082019,129,bbbbbbINFY,79355,79375,79365.0,20,393.0,55.0,2503.0,4041.0,0.7544642857142857,-0.28426892394229336,1.4677446971770078,0.0009408105860751577
20082019,130,bbbbbbINFY,79350,79355,79352.5,5,2936.0,285.0,5111.0,9544.0,0.8230363241229431,-0.9175593785952267,2.3363622862630167,0.0006785756723916955
20082019,131,bbbbbbINFY,79340,79345,79342.5,5,40.0,234.0,3786.0,5906.0,-0.708029197080292,-0.15364896398617428,1.3766551136302503,8.911238594498808e-05
20082019,132,bbbbbbINFY,79350,79365,79357.5,15,215.0,1127.0,7908.0,33833.0,-0.6795827123695977,-1.526431553531828,3.6641627410439352,0.0006638808111225401
20082019,133,bbbbbbINFY,79355,79360,79357.5,5,1669.0,302.0,6706.0,52062.0,0.693556570268899,-2.5780204646824645,8.727487898622433,0.000666778383958384
20082019,134,bbbbbbINFY,79360,79365,79362.5,5,527.0,1241.0,3805.0,52195.0,-0.40384615384615385,-3.23779382253113,14.35399028399186,0.00016669075073823622
20082019,135,bbbbbbINFY,79350,79355,79352.5,5,2147.0,456.0,6000.0,49397.0,0.6496350364963503,-2.6685328478883035,8.737225730381788,0.00016670725550769697
20082019,136,bbbbbbINFY,79315,79325,79320.0,10,829.0,1072.0,7549.0,3824.0,-0.12782745923198316,0.8449875158369017,2.345598764927037,0.0004367231440339314
20082019,137,bbbbbbINFY,79345,79350,79347.5,5,1611.0,532.0,2797.0,3028.0,0.5034997666822212,-0.3570658387467719,2.3330231305996816,0.000333506836825831
20082019,138,bbbbbbINFY,79330,79335,79332.5,5,917.0,304.0,5882.0,1629.0,0.502047502047502,1.0191895751659557,2.815902577966148,0.0006142447964393646
20082019,139,bbbbbbINFY,79320,79325,79322.5,5,137.0,13.0,9166.0,7348.0,0.8266666666666667,0.1867616164405195,1.161157523723833,0.0004922045754642668
20082019,140,bbbbbbINFY,79355,79360,79357.5,5,19.0,49.0,1360.0,48221.0,-0.4411764705882353,-5.4445527742643085,35.69535189183264,0.0007612865378719311
20082019,141,bbbbbbINFY,79310,79335,79322.5,25,590.0,45.0,8263.0,570.0,0.8582677165354331,2.965200939653171,11.599177352916382,0.0006045461383282343
20082019,142,bbbbbbINFY,79270,79285,79277.5,15,314.0,49.0,15352.0,10441.0,0.7300275482093664,0.3703851004823327,1.2385023556110215,0.0006146745802332472
20082019,143,bbbbbbINFY,79290,79295,79292.5,5,288.0,49.0,3216.0,24943.0,0.7091988130563798,-2.0065031313855095,8.535835013185578,0.0002359316817022259
20082019,144,bbbbbbINFY,79280,79285,79282.5,5,394.0,600.0,3164.0,26030.0,-0.20724346076458752,-2.503659957688597,7.750273894693718,0.000351126653245204
20082019,145,bbbbbbINFY,79265,79270,79267.5,5,132.0,300.0,14677.0,6938.0,-0.3888888888888889,0.7952811991102534,1.6938312949533536,0.0004369865520651019
20082019,146,bbbbbbINFY,79265,79270,79267.5,5,641.0,35.0,15913.0,8324.0,0.8964497041420119,0.7772626310153578,2.1396073009467873,0.00046351047026041637
20082019,147,bbbbbbINFY,79280,79285,79282.5,5,1244.0,49.0,3984.0,7959.0,0.9242072699149265,-0.8552018805307801,2.203943902883502,0.000523870045834545
20082019,148,bbbbbbINFY,79345,79355,79350.0,10,1338.0,50.0,2753.0,2367.0,0.9279538904899135,-0.13415840129601428,1.5508597407308928,0.0011288518086462673
20082019,149,bbbbbbINFY,79295,79300,79297.5,5,537.0,12256.0,2728.0,14158.0,-0.9160478386617682,0.7123087349612237,5.1679963774005175,0.00026752258621684635
20082019,150,bbbbbbINFY,79295,79300,79297.5,5,7132.0,716.0,9306.0,2260.0,0.817533129459735,0.9122044831588886,4.392968879617448,0.00028894830835766815
20082019,151,bbbbbbINFY,79285,79290,79287.5,5,1113.0,52.0,4345.0,14522.0,0.9107296137339056,-1.3151224405652648,3.8552509430949082,0.0005005097205690742
20082019,152,bbbbbbINFY,79290,79295,79292.5,5,406.0,21.0,3254.0,10553.0,0.9016393442622951,-1.360620434570565,3.6982445815622667,0.0004322888206101787
20082019,153,bbbbbbINFY,79265,79270,79267.5,5,221.0,1194.0,12243.0,3035.0,-0.6876325088339222,1.6918188843507602,4.5698699972569194,0.0005426094796993323
20082019,154,bbbbbbINFY,79300,79305,79302.5,5,77.0,49.0,653.0,2718.0,0.2222222222222222,-1.0888625916013137,3.377982542961468,0.0002748109207872157
20082019,155,bbbbbbINFY,79325,79330,79327.5,5,576.0,269.0,3559.0,1883.0,0.3633136094674556,0.5762399274310931,1.6204196894275942,0.00035100740778914443
20082019,156,bbbbbbINFY,79295,79300,79297.5,5,1206.0,4059.0,5604.0,6683.0,-0.5418803418803418,0.686028108012655,2.3638291099377984,0.0002819846752046036
20082019,157,bbbbbbINFY,79295,79300,79297.5,5,1477.0,3338.0,8395.0,4601.0,-0.3865005192107996,0.9628754405630068,3.3268337357019013,0.0002599770249324138
20082019,158,bbbbbbINFY,79295,79300,79297.5,5,1334.0,4135.0,7252.0,6780.0,-0.5121594441396965,0.663906442844841,2.442916345501416,0.0001783188774640734
20082019,159,bbbbbbINFY,79325,79335,79330.0,10,1313.0,44.0,10909.0,1429.0,0.9351510685335298,1.484434832978652,4.366357895459815,0.0012334556770012854
20082019,160,bbbbbbINFY,79325,79335,79330.0,10,1744.0,44.0,11551.0,1139.0,0.9507829977628636,2.03220632612868,6.518418552660897,0.0007157894455565192
20082019,161,bbbbbbINFY,79375,79385,79380.0,10,1374.0,44.0,15737.0,1193.0,0.9379407616361072,2.5322314290166,8.49380489537723,0.0006329404717753727
20082019,162,bbbbbbINFY,79310,79315,79312.5,5,25.0,50.0,7624.0,23305.0,-0.3333333333333333,-1.3412586896701935,3.257328267992305,0.00037293258718638315
20082019,163,bbbbbbINFY,79320,79325,79322.5,5,1258.0,10225.0,11577.0,11208.0,-0.780893494731342,0.2914624731633977,2.4636845659048845,0.0007074318231902595
20082019,164,bbbbbbINFY,79275,79290,79282.5,15,385.0,858.0,2191.0,19669.0,-0.3805309734513274,-2.578945035686192,8.677696693833807,0.0003453963111932224
20082019,165,bbbbbbINFY,79295,79300,79297.5,5,90.0,7309.0,1899.0,9848.0,-0.9756723881605622,-0.09909103249360343,3.378052918935456,0.0002441956295140134
20082019,166,bbbbbbINFY,79300,79305,79302.5,5,1990.0,278.0,6473.0,23383.0,0.7548500881834215,-1.5160173375338606,3.6928920308121596,0.0002522127732455943
20082019,167,bbbbbbINFY,79295,79300,79297.5,5,2147.0,11875.0,3748.0,15866.0,-0.6937669376693767,-0.09642041463439631,4.9226261263895115,0.00021842439019062744
20082019,168,bbbbbbINFY,79315,79320,79317.5,5,3117.0,325.0,19921.0,26932.0,0.8111563044741429,-0.49182422576622625,1.8108955163742853,0.0004501765382140416
20082019,169,bbbbbbINFY,79310,79320,79315.0,10,1031.0,50.0,4702.0,4099.0,0.9074930619796485,0.06884798439251616,1.3700011607371827,0.000660795364203934
20082019,170,bbbbbbINFY,79315,79320,79317.5,5,811.0,1407.0,1653.0,3616.0,-0.26871055004508565,-0.35265335160466355,2.2728803366279133,0.0006335069419703139
20082019,171,bbbbbbINFY,79295,79300,79297.5,5,489.0,5813.0,3480.0,8625.0,-0.8448111710568074,-0.15031155259495485,2.894194901009685,0.00030239819161602123
20082019,172,bbbbbbINFY,79275,79280,79277.5,5,161.0,54.0,24873.0,2743.0,0.49767441860465117,1.9338312563634283,6.148983920372873,0.0004038536570277274
20082019,173,bbbbbbINFY,79235,79240,79237.5,5,20.0,49.0,14466.0,2718.0,-0.42028985507246375,1.9106937037166916,5.307064122240427,0.0007545258382929907
20082019,174,bbbbbbINFY,79245,79250,79247.5,5,40.0,786.0,23836.0,2668.0,-0.9031476997578692,2.5422301179409508,8.789463507411485,0.0004968440100127446
20082019,175,bbbbbbINFY,79215,79220,79217.5,5,305.0,10.0,39689.0,2585.0,0.9365079365079365,2.2846491342944915,9.769227695378564,0.0005317867525790101
20082019,176,bbbbbbINFY,79265,79270,79267.5,5,134.0,962.0,15405.0,3833.0,-0.7554744525547445,1.657125527407143,4.108548999657666,0.00037851639263865186
20082019,177,bbbbbbINFY,79255,79265,79260.0,10,82.0,252.0,26049.0,2743.0,-0.5089820359281437,2.5100411050695346,8.383838828643498,0.00027498428744223986
20082019,178,bbbbbbINFY,79280,79285,79282.5,5,18.0,49.0,35494.0,4427.0,-0.4626865671641791,2.006201964994939,6.400117337740817,0.000398828676849027
20082019,179,bbbbbbINFY,79285,79290,79287.5,5,10.0,49.0,19696.0,4766.0,-0.6610169491525424,1.5094843097221564,3.8091827598473764,0.0005534248620940164
20082019,180,bbbbbbINFY,79280,79285,79282.5,5,508.0,308.0,41802.0,3153.0,0.24509803921568626,2.3109374349986194,9.013852981375,0.0003567368508640558
20082019,181,bbbbbbINFY,79300,79305,79302.5,5,1526.0,1595.0,41726.0,2211.0,-0.022108298622236462,1.8839089896375787,8.2568581931959,0.00044139855367655905
20082019,182,bbbbbbINFY,79250,79265,79257.5,15,1195.0,302.0,41015.0,2866.0,0.5965263861055444,2.682699735809919,10.903977848283112,0.0006083738268532438
20082019,183,bbbbbbINFY,79235,79240,79237.5,5,1169.0,50.0,43581.0,4185.0,0.9179655455291222,2.3339223032977316,9.482240754140062,0.0004549127992272883
20082019,184,bbbbbbINFY,79225,79230,79227.5,5,8656.0,457.0,46918.0,2807.0,0.899703719960496,1.0750077685424289,4.450947893243818,0.00015458095085461575
20082019,185,bbbbbbINFY,79175,79180,79177.5,5,1247.0,1185.0,14220.0,2136.0,0.02549342105263158,1.6770155944378944,5.6755809596626445,0.0004235574447964358
20082019,186,bbbbbbINFY,79195,79200,79197.5,5,2529.0,1455.0,24642.0,2391.0,0.26957831325301207,1.7640328672826155,5.5766695013904375,0.0002276303719595347
20082019,187,bbbbbbINFY,79185,79190,79187.5,5,3886.0,1301.0,4535.0,7320.0,0.498361287834972,-0.43487765041352816,2.7539570175510963,0.0002276591177006132
20082019,188,bbbbbbINFY,79140,79145,79142.5,5,3061.0,44.0,38350.0,4003.0,0.971658615136876,2.6583764230627676,10.744700198945123,0.0005858470712845361
20082019,189,bbbbbbINFY,79160,79165,79162.5,5,795.0,33.0,5115.0,6618.0,0.9202898550724637,-0.1477333638803154,1.328920244237342,0.0005207904518587308
20082019,190,bbbbbbINFY,79160,79165,79162.5,5,44.0,50.0,29274.0,1648.0,-0.06382978723404255,2.082257174734609,8.096489431815712,0.0004933289001908433
20082019,191,bbbbbbINFY,79170,79180,79175.0,10,451.0,49.0,33163.0,7259.0,0.804,1.4868769646293372,3.5119195227077395,0.0007200115781768436
20082019,192,bbbbbbINFY,79185,79190,79187.5,5,30.0,100.0,26652.0,5302.0,-0.5384615384615384,1.3728907044318392,3.532796284384527,0.0005129337123268914
20082019,193,bbbbbbINFY,79235,79245,79240.0,10,139.0,4.0,26847.0,495.0,0.9440559440559441,2.033682111592031,9.654463846819016,0.00036246312068181723
20082019,194,bbbbbbINFY,79250,79255,79252.5,5,605.0,244.0,2477.0,4262.0,0.425206124852768,-0.5529528220390332,1.5256075765000827,0.0005388450095813977
20082019,195,bbbbbbINFY,79275,79280,79277.5,5,186.0,49.0,3076.0,5722.0,0.5829787234042553,-0.7114665813627419,1.6203934921704235,0.00038876323602550066
20082019,196,bbbbbbINFY,79290,79295,79292.5,5,455.0,49.0,1699.0,5121.0,0.8055555555555556,-1.1899982588227571,3.675837444779339,0.00030240316591710945
20082019,197,bbbbbbINFY,79275,79280,79277.5,5,1329.0,54.0,4293.0,2022.0,0.9219088937093276,0.2630486241069267,1.4967228443284695,0.0006114877708206048
20082019,198,bbbbbbINFY,79280,79285,79282.5,5,390.0,49.0,1712.0,12761.0,0.7767653758542141,-2.0072545899790697,6.695112601661773,0.0005161711074660178
20082019,199,bbbbbbINFY,79285,79290,79287.5,5,1193.0,49.0,4084.0,21605.0,0.9210950080515298,-2.12999827591958,6.190337997912116,0.00029577091123671564
20082019,200,bbbbbbINFY,79250,79260,79255.0,10,2082.0,45.0,11336.0,892.0,0.9576868829337094,2.14745931560532,7.819989553844684,0.001138932363069367
20082019,201,bbbbbbINFY,79260,79280,79270.0,20,660.0,303.0,10115.0,16044.0,0.3707165109034268,-0.46511562027025855,1.3542418804751672,0.0006179720156304992
20082019,202,bbbbbbINFY,79295,79300,79297.5,5,752.0,14744.0,2088.0,16867.0,-0.9029426948890036,-1.8219595903157386,8.563915745813313,0.00042768317823639384
20082019,203,bbbbbbINFY,79280,79285,79282.5,5,245.0,49.0,2433.0,15281.0,0.6666666666666666,-2.0928398470169096,6.0146656239943574,0.0004884626052228581
20082019,204,bbbbbbINFY,79270,79275,79272.5,5,536.0,315.0,2514.0,1794.0,0.2596944770857814,0.21578868673951127,1.3850439742397003,0.0002820433663053816
20082019,205,bbbbbbINFY,79230,79240,79235.0,10,2.0,49.0,11295.0,1770.0,-0.9215686274509803,2.0005460633715813,5.3590254570991265,0.00040402830285341185
20082019,206,bbbbbbINFY,79270,79275,79272.5,5,1073.0,49.0,2459.0,14523.0,0.9126559714795008,-2.1243431976214997,5.987158001820698,0.00036774351292701664
20082019,207,bbbbbbINFY,79260,79265,79262.5,5,1861.0,44.0,3404.0,2090.0,0.9538057742782152,-0.018853941831828345,1.860000776138424,0.00041838457362981265
20082019,208,bbbbbbINFY,79270,79275,79272.5,5,5424.0,51.0,10092.0,15561.0,0.9813698630136987,-0.6421807972559532,1.7752263328519398,0.000531406026191561
20082019,209,bbbbbbINFY,79210,79230,79220.0,20,153.0,49.0,6835.0,5652.0,0.5148514851485149,0.20348303499548698,1.1390811792371183,0.0008790065222104908
20082019,210,bbbbbbINFY,79210,79215,79212.5,5,16.0,49.0,2351.0,701.0,-0.5076923076923077,1.1689745260239381,2.921130260064386,0.0007279388429641111
20082019,211,bbbbbbINFY,79180,79185,79182.5,5,257.0,301.0,5977.0,1887.0,-0.07885304659498207,1.2529245848674713,2.822354552619768,0.0008425493202829408
20082019,212,bbbbbbINFY,79190,79195,79192.5,5,153.0,273.0,2912.0,801.0,-0.28169014084507044,0.9109871838654534,3.6301609898408786,0.0001996475642384835
20082019,213,bbbbbbINFY,79165,79175,79170.0,10,186.0,49.0,6880.0,1481.0,0.5829787234042553,1.725373280369426,4.413534962155007,0.0006346477034085573
20082019,214,bbbbbbINFY,79180,79185,79182.5,5,51.0,745.0,1956.0,4437.0,-0.871859296482412,-0.6403603570348152,1.8837286028904177,0.0007228766126668759
20082019,215,bbbbbbINFY,79190,79195,79192.5,5,54.0,34.0,2086.0,2824.0,0.22727272727272727,-0.20508922541139016,1.195818546060063,0.0003735495211218282
20082019,216,bbbbbbINFY,79205,79215,79210.0,10,342.0,49.0,3274.0,1867.0,0.7493606138107417,0.5575268061213997,1.598572459198443,0.0009445212069328802
20082019,217,bbbbbbINFY,79230,79235,79232.5,5,172.0,1.0,1343.0,5640.0,0.9884393063583815,-1.391617470711989,3.348031147524124,0.0003838284310339038
20082019,218,bbbbbbINFY,79245,79250,79247.5,5,644.0,328.0,1009.0,1225.0,0.32510288065843623,-0.3194363255654558,2.7390311974770234,0.0002821527985064256
20082019,219,bbbbbbINFY,79265,79275,79270.0,10,234.0,49.0,3705.0,13696.0,0.6537102473498233,-1.3988158913281776,3.1036698629545114,0.0005498348555946382
20082019,220,bbbbbbINFY,79210,79220,79215.0,10,518.0,44.0,6366.0,1725.0,0.8434163701067615,1.3742539032281063,3.3155245110594644,0.000373409398732867
20082019,221,bbbbbbINFY,79230,79235,79232.5,5,2526.0,49.0,3504.0,3068.0,0.9619417475728156,-0.1993695837650053,1.9342294910432516,0.0004371743995470514
20082019,222,bbbbbbINFY,79255,79260,79257.5,5,7.0,49.0,2802.0,5379.0,-0.75,-0.6137380144463345,1.5651266061906166,0.0004232522020662412
20082019,223,bbbbbbINFY,79245,79250,79247.5,5,186.0,29.0,4127.0,2174.0,0.7302325581395349,0.6490857910312668,1.687341930823512,0.0004184661529555217
20082019,224,bbbbbbINFY,79235,79250,79242.5,15,154.0,320.0,3266.0,2811.0,-0.350210970464135,0.21512041476142404,1.2002960021149205,0.00031544030592294524
20082019,225,bbbbbbINFY,79150,79165,79157.5,15,1336.0,50.0,4535.0,896.0,0.9278499278499278,1.3388597944853124,3.590772216465173,0.0012503891563645725
20082019,226,bbbbbbINFY,79185,79190,79187.5,5,305.0,342.0,461.0,5188.0,-0.0571870170015456,-0.3759536122998086,2.238175716963057,0.00021871514688245837
20082019,227,bbbbbbINFY,79230,79235,79232.5,5,2095.0,525.0,4160.0,10134.0,0.5992366412213741,-1.0552528706558362,3.0710202206212114,0.00026774112292440833
20082019,228,bbbbbbINFY,79200,79205,79202.5,5,163.0,251.0,2454.0,627.0,-0.21256038647342995,1.1090467253388478,3.9351817898809403,0.00047243415437180916
20082019,229,bbbbbbINFY,79205,79210,79207.5,5,5.0,49.0,1823.0,1140.0,-0.8148148148148148,0.4252556937763254,1.4814553862105957,0.00033401507656336975
20082019,230,bbbbbbINFY,79205,79210,79207.5,5,339.0,458.0,6124.0,7230.0,-0.1493099121706399,-0.36195004430141414,1.634835111831874,0.0002751688428251015
20082019,231,bbbbbbINFY,79200,79205,79202.5,5,1935.0,280.0,3998.0,6884.0,0.7471783295711061,-0.6231341708063722,1.7254729865210978,0.00039422461346980483
20082019,232,bbbbbbINFY,79170,79180,79175.0,10,576.0,40.0,4263.0,1543.0,0.8701298701298701,0.9653154931979425,2.411959642674766,0.0013018457554716226
20082019,233,bbbbbbINFY,79125,79130,79127.5,5,662.0,1.0,2785.0,5588.0,0.9969834087481146,-0.8227353057236203,1.9594509395860287,0.0007150212504252323
20082019,234,bbbbbbINFY,79195,79205,79200.0,10,120.0,647.0,593.0,6331.0,-0.6870925684485006,-2.4979196840056894,9.649937206975409,0.0008180460438033253
20082019,235,bbbbbbINFY,79210,79215,79212.5,5,1364.0,416.0,1617.0,2217.0,0.5325842696629214,0.0640514324747347,1.2499449991887506,0.0002751523871516904
20082019,236,bbbbbbINFY,79215,79220,79217.5,5,567.0,302.0,1582.0,6074.0,0.3049482163406214,-1.4681629163618857,4.156239048510279,0.0003156362463543494
20082019,237,bbbbbbINFY,79230,79235,79232.5,5,522.0,49.0,1808.0,7456.0,0.8283712784588442,-1.5656697615739428,4.068817872202829,0.00028220265144805143
20082019,238,bbbbbbINFY,79215,79235,79225.0,20,7.0,49.0,3411.0,4589.0,-0.75,-0.30207879001402493,1.1702406058813968,0.0004928920191714785
20082019,239,bbbbbbINFY,79220,79225,79222.5,5,466.0,50.0,4986.0,756.0,0.8062015503875969,1.1781159206575396,3.9066360495043297,0.00014111869010846343
20082019,240,bbbbbbINFY,79240,79245,79242.5,5,69.0,84.0,3103.0,5120.0,-0.09803921568627451,-0.5061156802304573,1.3945235432788172,0.00043258596787388323
20082019,241,bbbbbbINFY,79280,79290,79285.0,10,940.0,49.0,2369.0,18691.0,0.9009100101112234,-0.8041394781371799,3.1977251254763135,0.0007622902273078587
20082019,242,bbbbbbINFY,79295,79320,79307.5,25,707.0,49.0,13691.0,1685.0,0.8703703703703703,2.2857772896199307,6.706118323598307,0.0012749374955463141
20082019,243,bbbbbbINFY,79315,79320,79317.5,5,1749.0,49.0,22559.0,6624.0,0.9454949944382648,1.2573739061059468,3.7375118695455702,0.0007243729346045977
20082019,244,bbbbbbINFY,79295,79300,79297.5,5,1123.0,13387.0,3587.0,14585.0,-0.8452101998621641,-0.6673827053659082,5.590748470675375,0.0003023534319927886
20082019,245,bbbbbbINFY,79290,79295,79292.5,5,3345.0,51.0,10687.0,11542.0,0.9699646643109541,-0.490010533020804,1.6440791003370572,0.0003023841031691067
20082019,246,bbbbbbINFY,79260,79290,79275.0,30,297.0,196.0,15027.0,10061.0,0.20486815415821502,0.35490875957373286,1.2198827347718662,0.000743563743619641
20082019,247,bbbbbbINFY,79260,79265,79262.5,5,322.0,49.0,1505.0,576.0,0.7358490566037735,0.6703786139675567,1.9569411560104262,0.0002274525313079516
20082019,248,bbbbbbINFY,79220,79230,79225.0,10,722.0,49.0,14809.0,1446.0,0.8728923476005188,2.7129266469179285,8.83657782580396,0.0006215660374578171
20082019,249,bbbbbbINFY,79210,79215,79212.5,5,2019.0,49.0,5302.0,590.0,0.9526112185686654,1.0256112447471837,4.651645222652236,0.0007439971875787337
20082019,250,bbbbbbINFY,79250,79255,79252.5,5,1395.0,293.0,8538.0,1097.0,0.6528436018957346,1.513752505251029,4.369279781672488,0.00036237997687625455
20082019,251,bbbbbbINFY,79245,79250,79247.5,5,556.0,171.0,2926.0,454.0,0.5295735900962861,1.9128155875974935,7.115917973511264,0.00015452081775961234
20082019,252,bbbbbbINFY,79230,79235,79232.5,5,907.0,39.0,12884.0,448.0,0.9175475687103594,1.3117177009042515,7.549820643451365,0.00032172579295216533
20082019,253,bbbbbbINFY,79225,79230,79227.5,5,535.0,293.0,14749.0,540.0,0.2922705314009662,0.7711365838865082,5.057704584049511,0.0004928293034119415
20082019,254,bbbbbbINFY,79240,79245,79242.5,5,979.0,146.0,12623.0,326.0,0.7404444444444445,1.3924596812883903,5.734917932946326,0.0007110464168667936
20082019,255,bbbbbbINFY,79230,79235,79232.5,5,576.0,103.0,8970.0,800.0,0.6966126656848306,2.2937641710197734,7.799858717261428,0.0008766277267173211
20082019,256,bbbbbbINFY,79240,79255,79247.5,15,32.0,27.0,16361.0,314.0,0.0847457627118644,1.6813956012653382,9.715378169054397,0.0009228675002666509
20082019,257,bbbbbbINFY,79255,79265,79260.0,10,19.0,53.0,4572.0,11305.0,-0.4722222222222222,-0.9389952981661119,1.926220098313897,0.0005677284947839837
20082019,258,bbbbbbINFY,79290,79295,79292.5,5,172.0,49.0,2630.0,36801.0,0.5565610859728507,-1.5560392057854189,4.8328147291798995,0.0002890142637648104
20082019,259,bbbbbbINFY,79290,79295,79292.5,5,666.0,113.0,2666.0,6170.0,0.7098844672657253,-0.732833551142541,2.229220824547899,0.00031527878886717005
20082019,260,bbbbbbINFY,79250,79255,79252.5,5,1348.0,194.0,3034.0,748.0,0.748378728923476,1.3659448910285605,4.123672488762441,0.0010211513623322346
20082019,261,bbbbbbINFY,79280,79285,79282.5,5,46.0,26.0,1742.0,7212.0,0.2777777777777778,-1.594490321470216,3.760367173626598,0.0003731382216293949
20082019,262,bbbbbbINFY,79290,79295,79292.5,5,31.0,19.0,714.0,21733.0,0.24,0.10041679698327392,11.308648870950982,0.000189169024548146
20082019,263,bbbbbbINFY,79345,79350,79347.5,5,196.0,24376.0,8932.0,26284.0,-0.9840468826306364,-1.0138597023581475,2.576338567343283,0.00017825144949654102
20082019,264,bbbbbbINFY,79275,79280,79277.5,5,56.0,113.0,8409.0,7868.0,-0.33727810650887574,-0.027773131870942772,1.1362338815062234,0.0003567227931311061
20082019,265,bbbbbbINFY,79280,79285,79282.5,5,209.0,96.0,3682.0,7029.0,0.3704918032786885,-0.7437894496014251,1.6872561829080657,0.00016684241872425235
20082019,266,bbbbbbINFY,79275,79280,79277.5,5,701.0,49.0,5095.0,8570.0,0.8693333333333333,-0.5583229276689989,1.5357463225584589,0.0005276096605836531
20082019,267,bbbbbbINFY,79285,79290,79287.5,5,372.0,53.0,5724.0,6751.0,0.7505882352941177,-0.34324041137206834,1.2676269496122725,0.00032767408568431833
20082019,268,bbbbbbINFY,79230,79240,79235.0,10,56.0,49.0,1569.0,446.0,0.06666666666666667,1.0262258376501832,2.8427317698700802,0.0007332122079582537
20082019,269,bbbbbbINFY,79275,79280,79277.5,5,41.0,364.0,690.0,10920.0,-0.7975308641975308,-2.6170032069339935,9.818880365024171,0.00023599545648201478
20082019,270,bbbbbbINFY,79285,79290,79287.5,5,1269.0,677.0,3399.0,9699.0,0.30421377183967113,-1.0019268594612636,3.0478615306023906,0.00018919023111915064
20082019,271,bbbbbbINFY,79265,79270,79267.5,5,2507.0,180.0,4354.0,3217.0,0.8660215854112393,-0.16317095088160227,2.041376314036941,0.00010925123117127674
20082019,272,bbbbbbINFY,79290,79295,79292.5,5,1045.0,49.0,4405.0,6178.0,0.9104204753199269,-0.2044970617372411,2.2558482932851747,0.00032764806308170673
20082019,273,bbbbbbINFY,79280,79285,79282.5,5,2454.0,50.0,6655.0,8357.0,0.9600638977635783,-0.6126313413421403,1.981618289273742,0.00039882741769100194
20082019,274,bbbbbbINFY,79245,79250,79247.5,5,605.0,7298.0,4982.0,8817.0,-0.8468935847146654,0.45857694392434356,3.373581041422871,0.00020925377617948823
20082019,275,bbbbbbINFY,79235,79240,79237.5,5,3405.0,49.0,6045.0,3452.0,0.971627099015634,-0.018333020263297868,1.997574423446952,0.0005202743914450047
20082019,276,bbbbbbINFY,79230,79235,79232.5,5,81.0,1.0,6401.0,4878.0,0.975609756097561,0.19047306690549168,1.1238323248814006,0.0006588879827767316
20082019,277,bbbbbbINFY,79240,79245,79242.5,5,352.0,26.0,2745.0,815.0,0.8624338624338624,0.2893690803304416,2.3748834847722127,0.0001410884161080854
20082019,278,bbbbbbINFY,79245,79250,79247.5,5,1367.0,2984.0,3801.0,3084.0,-0.37163870374626523,-0.6856964521404499,2.11177453473565,0.00034561861827952297
20082019,279,bbbbbbINFY,79235,79240,79237.5,5,245.0,90.0,4862.0,2869.0,0.4626865671641791,0.09774787285981174,1.7932970385360893,0.00028217950344483847
20082019,280,bbbbbbINFY,79245,79250,79247.5,5,116.0,9880.0,3207.0,11501.0,-0.9767907162865146,-0.5513212785783054,3.734940167423111,0.00021856220172678824
20082019,281,bbbbbbINFY,79235,79240,79237.5,5,359.0,50.0,2129.0,9359.0,0.7555012224938875,-1.329881743654845,3.7539924339213275,0.0002601584338901591
20082019,282,bbbbbbINFY,79230,79235,79232.5,5,599.0,49.0,3172.0,8077.0,0.8487654320987654,-1.0642370907333356,2.765433003670396,0.00021858288961838454
20082019,283,bbbbbbINFY,79230,79235,79232.5,5,553.0,49.0,11453.0,4830.0,0.8372093023255814,0.6970855097575005,1.6956368640176211,0.0003624769824973657
20082019,284,bbbbbbINFY,79245,79250,79247.5,5,53.0,3285.0,3246.0,3445.0,-0.9682444577591373,-0.3861680913227188,1.8072554453120542,0.0003785840618763334
20082019,285,bbbbbbINFY,79235,79240,79237.5,5,162.0,33.0,2290.0,5948.0,0.6615384615384615,-1.1121734839905177,2.9432395060089713,0.00033388485938829875
20082019,286,bbbbbbINFY,79285,79290,79287.5,5,782.0,20761.0,2114.0,45347.0,-0.9274010119296291,-1.2028072633546365,6.561483489968038,0.00024422950583084243
20082019,287,bbbbbbINFY,79270,79275,79272.5,5,1128.0,3504.0,3729.0,25982.0,-0.5129533678756477,-1.7731653641771066,5.108455386058872,0.00019945364240681624
20082019,288,bbbbbbINFY,79255,79260,79257.5,5,597.0,50.0,2539.0,8879.0,0.8454404945904173,-1.4037677582583112,3.439039071949921,0.0005499001095250957
20082019,289,bbbbbbINFY,79280,79285,79282.5,5,109.0,49.0,4734.0,39189.0,0.379746835443038,-2.094388356294295,6.664149685850626,0.00040384309177028037
20082019,290,bbbbbbINFY,79235,79240,79237.5,5,815.0,9.0,2532.0,13485.0,0.9781553398058253,-2.1780087334367906,6.696095187800862,0.00017847781200198767
20082019,291,bbbbbbINFY,79240,79245,79242.5,5,155.0,5801.0,3459.0,7110.0,-0.9479516453995971,-0.2459294074264034,3.402678283382692,0.00016693866709717025
20082019,292,bbbbbbINFY,79250,79255,79252.5,5,685.0,426.0,3991.0,2184.0,0.23312331233123312,0.5902754022836266,1.7341576914885264,0.00026013429561355
20082019,293,bbbbbbINFY,79275,79280,79277.5,5,660.0,107.0,2513.0,26088.0,0.7209908735332464,-3.072052660395333,11.203429615016795,0.00010923745059709514
20082019,294,bbbbbbINFY,79290,79295,79292.5,5,1162.0,965.0,13203.0,23586.0,0.0926187118006582,-0.3072379623816088,2.2497318368594335,0.00019940333471343293
20082019,295,bbbbbbINFY,79280,79285,79282.5,5,384.0,33.0,3072.0,22126.0,0.841726618705036,-2.4383860864130034,7.18356953916021,0.00028899343046282487
20082019,296,bbbbbbINFY,79290,79295,79292.5,5,1668.0,91.0,2661.0,22111.0,0.8965321205230244,-0.9182495144174966,10.139655861477452,0.00020913142634168286
20082019,297,bbbbbbINFY,79280,79285,79282.5,5,1160.0,3.0,3712.0,20212.0,0.9948409286328461,-2.0927515956688625,5.930953545754316,0.0003336795771302146
20082019,298,bbbbbbINFY,79285,79290,79287.5,5,118.0,99.0,3226.0,18592.0,0.08755760368663594,-1.9266505912810095,5.197892676205354,0.00020915900256033052
20082019,299,bbbbbbINFY,79280,79285,79282.5,5,457.0,49.0,3818.0,17367.0,0.8063241106719368,-1.7779388268290264,4.4652960055492406,0.00017836526096160401
20082019,300,bbbbbbINFY,79295,79300,79297.5,5,1609.0,16420.0,8282.0,17774.0,-0.8215097897831272,-0.6284677092260336,3.2106716573097733,0.00026751415167280626
20082019,301,bbbbbbINFY,79290,79295,79292.5,5,1628.0,107.0,4206.0,11714.0,0.8766570605187319,0.10474609753786292,3.4065840870043997,0.00014100122825221414
20082019,302,bbbbbbINFY,79290,79295,79292.5,5,411.0,3.0,4266.0,10186.0,0.9855072463768116,-0.22228210873645063,2.599239103106194,0.0002748556097387845
20082019,303,bbbbbbINFY,79265,79280,79272.5,15,47.0,8.0,6629.0,10023.0,0.7090909090909091,-0.4010453375881369,1.239657374466468,0.0004277218824414208
20082019,304,bbbbbbINFY,79290,79295,79292.5,5,935.0,722.0,2710.0,34251.0,0.12854556427278213,-1.5999689043461158,4.597445982101633,0.00017835401366331173
20082019,305,bbbbbbINFY,79290,79295,79292.5,5,2933.0,5.0,7159.0,6273.0,0.9965963240299524,-0.3772864013987488,2.8546008638448934,0.00012611533251316587
20082019,306,bbbbbbINFY,79290,79295,79292.5,5,1598.0,114.0,4462.0,6266.0,0.866822429906542,0.038737188283590095,1.7993095070513494,6.305766625658293e-05
20082019,307,bbbbbbINFY,79315,79320,79317.5,5,1880.0,98.0,4560.0,27984.0,0.9009100101112234,-1.7677716241357462,7.381416086679427,0.00025991725449121225
20082019,308,bbbbbbINFY,79270,79275,79272.5,5,901.0,103.0,4944.0,21516.0,0.7948207171314741,-1.6952304254262527,4.05244063086326,0.00015449807585440347
20082019,309,bbbbbbINFY,79290,79295,79292.5,5,1088.0,4.0,1904.0,24651.0,0.9926739926739927,-1.1085358893220645,8.99489428905016,0.0
20082019,310,bbbbbbINFY,79285,79290,79287.5,5,908.0,45.0,3424.0,21456.0,0.9055613850996852,-2.1729291163260407,7.475620266827965,0.00017836104326353125
20082019,311,bbbbbbINFY,79295,79300,79297.5,5,123.0,13896.0,2937.0,41635.0,-0.982452386047507,-0.87337659028693,2.533204111981807,0.0001261073804741386
20082019,312,bbbbbbINFY,79290,79300,79295.0,10,79.0,10904.0,1804.0,13329.0,-0.9856141309296185,-0.8388274229997358,4.974248993846248,0.00017834276778187086
20082019,313,bbbbbbINFY,79285,79295,79290.0,10,802.0,18.0,3647.0,11119.0,0.9560975609756097,-0.7424009537911539,3.079526021013148,0.00025223961225806605
20082019,314,bbbbbbINFY,79290,79295,79292.5,5,493.0,31.0,7919.0,9673.0,0.8816793893129771,-0.21989098624830944,2.438899083795359,0.00019940333518883485
20082019,315,bbbbbbINFY,79280,79285,79282.5,5,703.0,73.0,3000.0,8696.0,0.8118556701030928,-1.1970005291784753,2.7267230231298196,0.0002359561249892515
20082019,316,bbbbbbINFY,79295,79300,79297.5,5,822.0,308.0,4840.0,29720.0,0.45486725663716815,-2.142234733888976,5.9153732954597045,0.00036225671347863775
20082019,317,bbbbbbINFY,79285,79290,79287.5,5,2379.0,49.0,3117.0,31822.0,0.9596375617792422,-2.812149358254454,9.550626410162641,0.0004503034404333025
20082019,318,bbbbbbINFY,79290,79295,79292.5,5,2215.0,44.0,7049.0,20463.0,0.9610447100486941,-0.7432403523394951,4.9350940119326046,0.0001668288920757701
20082019,319,bbbbbbINFY,79295,79300,79297.5,5,3289.0,49.0,7611.0,27101.0,0.9706411024565608,-1.4676631057656022,3.4967816590137866,0.00025220879773056685
20082019,320,bbbbbbINFY,79295,79300,79297.5,5,1781.0,902.0,6452.0,27576.0,0.32761833768169957,-1.5628375261249015,3.7430302962117143,8.917138389093543e-05
20082019,321,bbbbbbINFY,79320,79325,79322.5,5,1450.0,20740.0,4119.0,49417.0,-0.8693105002253267,-0.4530072129150991,1.9246255638703782,0.00023585094947962382
20082019,322,bbbbbbINFY,79320,79325,79322.5,5,1539.0,19510.0,5634.0,21066.0,-0.8537697752862369,-0.6146126754899657,5.004709861597301,0.00023585094947962382
20082019,323,bbbbbbINFY,79295,79300,79297.5,5,1026.0,7427.0,2863.0,9334.0,-0.7572459481840766,-0.37888936165684295,4.715493443838868,0.0001891610707112079
20082019,324,bbbbbbINFY,79295,79300,79297.5,5,1482.0,6095.0,3224.0,8092.0,-0.6088161541507193,0.06706005694781242,4.086953518929088,0.0002359253058388863
20082019,325,bbbbbbINFY,79295,79300,79297.5,5,3338.0,3106.0,7091.0,4810.0,0.03600248292985723,0.3939567505576121,3.158684725174653,0.0002091254321636543
20082019,326,bbbbbbINFY,79295,79300,79297.5,5,1155.0,11686.0,3871.0,24559.0,-0.8201074682657113,-0.4042842280105954,2.3880529668067405,0.0001409905597427711
20082019,327,bbbbbbINFY,79270,79275,79272.5,5,869.0,49.0,2672.0,3957.0,0.8932461873638344,-0.6011991926797223,1.6805344084911678,0.0003511459419038716
20082019,328,bbbbbbINFY,79245,79260,79252.5,15,925.0,73.0,4185.0,5751.0,0.8537074148296593,-0.4127069634772215,1.4190055641909016,0.0005951884618366295
20082019,329,bbbbbbINFY,79215,79220,79217.5,5,919.0,49.0,8054.0,367.0,0.8987603305785123,3.16344600287954,13.791705522510481,0.0006589665731717531
20082019,330,bbbbbbINFY,79230,79235,79232.5,5,1384.0,131.0,3075.0,6747.0,0.8270627062706271,-1.116462760632729,2.805078661837676,0.0003217585759188564
20082019,331,bbbbbbINFY,79160,79195,79177.5,35,735.0,247.0,5788.0,5618.0,0.4969450101832994,0.0388015559933823,1.1401703502867553,0.0005433463378546201
20082019,332,bbbbbbINFY,79135,79140,79137.5,5,790.0,291.0,1489.0,2714.0,0.4616096207215541,-1.0089357557169818,2.826985243266765,0.0003095167474216051
20082019,333,bbbbbbINFY,79225,79230,79227.5,5,459.0,49.0,1852.0,2666.0,0.8070866141732284,-0.43208559049957107,1.538024320160285,0.00029604244579132366
20082019,334,bbbbbbINFY,79235,79240,79237.5,5,278.0,97.0,1133.0,4249.0,0.4826666666666667,-1.5865378074400809,3.87287748043324,0.0005886572661546745
20082019,335,bbbbbbINFY,79200,79205,79202.5,5,237.0,23.0,1555.0,4430.0,0.823076923076923,-1.0048422002105912,2.4872874304640176,0.0004463359178774874
20082019,336,bbbbbbINFY,79225,79230,79227.5,5,3316.0,34.0,4894.0,3502.0,0.9797014925373134,-0.46793691619188127,2.6316920175999097,0.00015458420255548222
20082019,337,bbbbbbINFY,79280,79285,79282.5,5,1060.0,58.0,5608.0,21801.0,0.8962432915921288,-1.228622668196754,3.230214062394179,0.0003888574704696485
20082019,338,bbbbbbINFY,79285,79290,79287.5,5,1338.0,1208.0,4592.0,20531.0,0.05106048703849175,-1.2702616079154463,4.031453424735045,0.00042769255821136875
20082019,339,bbbbbbINFY,79290,79295,79292.5,5,2593.0,49.0,5931.0,8847.0,0.9629068887206662,-0.3492644069382806,1.572991228126389,0.00025222271304998215
20082019,340,bbbbbbINFY,79255,79260,79257.5,5,1020.0,105.0,2022.0,4350.0,0.8133333333333334,-0.7908386397135462,1.9132518138610324,0.0007777443201779211
20082019,341,bbbbbbINFY,79285,79290,79287.5,5,798.0,76.0,3265.0,21586.0,0.8260869565217391,-1.9162975779358173,6.012677094265063,0.0006179403403069706
20082019,342,bbbbbbINFY,79285,79290,79287.5,5,1957.0,363.0,3788.0,15332.0,0.6870689655172414,-1.7221293716908306,5.849825639725403,0.00014101012002224587
20082019,343,bbbbbbINFY,79265,79270,79267.5,5,131.0,229.0,30251.0,1770.0,-0.2722222222222222,4.012779339032908,17.63248907626488,0.0006115123902605363
20082019,344,bbbbbbINFY,79255,79265,79260.0,10,228.0,135.0,30957.0,6383.0,0.256198347107438,1.7924082005548385,4.393145766857575,0.00025233011343057975
20082019,345,bbbbbbINFY,79255,79260,79257.5,5,151.0,49.0,1288.0,1261.0,0.51,-0.11677787826264661,1.5187684138416693,0.0004549000978191233
20082019,346,bbbbbbINFY,79160,79170,79165.0,10,597.0,2.0,3850.0,3423.0,0.993322203672788,-0.025547323257666028,1.387687424693188,0.0001671013397041764
20082019,347,bbbbbbINFY,79275,79280,79277.5,5,6904.0,38.0,9492.0,15434.0,0.9890521463555172,-0.4619029931781363,1.5444861245722163,0.0004504103589444825
20082019,348,bbbbbbINFY,79215,79225,79220.0,10,675.0,15.0,6326.0,2398.0,0.9565217391304348,0.9193580188294234,1.977979945300597,0.0002677561430673694
20082019,349,bbbbbbINFY,79250,79255,79252.5,5,434.0,907.0,2053.0,10335.0,-0.35272184936614465,-1.5411954851323253,4.733362917252256,8.92220158883788e-05
20082019,350,bbbbbbINFY,79265,79270,79267.5,5,300.0,629.0,886.0,10723.0,-0.35414424111948334,-1.831802236783459,6.470344166567963,0.0001994549007762997
20082019,351,bbbbbbINFY,79290,79300,79295.0,10,196.0,3084.0,1465.0,12751.0,-0.8804878048780488,-1.393528748648362,4.373447442656224,0.0006242326270416886
20082019,352,bbbbbbINFY,79255,79260,79257.5,5,1401.0,75.0,5238.0,14150.0,0.8983739837398373,-1.062807136837416,2.2466168663989143,0.000351239551801904
20082019,353,bbbbbbINFY,79295,79300,79297.5,5,2829.0,12107.0,4417.0,22088.0,-0.6211837171933583,-0.3691570771662466,3.582840183547578,0.00022736536922558128
20082019,354,bbbbbbINFY,79290,79300,79295.0,10,464.0,18505.0,2179.0,29065.0,-0.9510780747535452,-2.2033500464643008,9.52768012544922,0.0006179066527798792
20082019,355,bbbbbbINFY,79255,79265,79260.0,10,4577.0,400.0,7037.0,6232.0,0.8392605987542696,-0.49631251073991456,2.233586758036822,0.0007543617277944269
20082019,356,bbbbbbINFY,79260,79280,79270.0,20,726.0,1.0,25889.0,12303.0,0.9972489683631361,0.7650617461397897,1.6685468671778911,0.001138690887118815
20082019,357,bbbbbbINFY,79295,79300,79297.5,5,1801.0,9637.0,3822.0,19478.0,-0.6850848050358455,-0.08543902180413647,1.8061030756093082,0.00017835120225943017
20082019,358,bbbbbbINFY,79295,79300,79297.5,5,422.0,7008.0,4907.0,15871.0,-0.8864064602960969,-0.4197029338575796,2.373163569277413,0.0001668349031710277
20082019,359,bbbbbbINFY,79295,79300,79297.5,5,321.0,6774.0,1325.0,15524.0,-0.9095137420718816,-0.8596276349065678,3.7495109501307105,0.00030894743744711825
20082019,360,bbbbbbINFY,79255,79285,79270.0,30,447.0,1.0,26450.0,7045.0,0.9955357142857143,1.417011922585794,3.1467891216867323,0.0009648688102358953
20082019,361,bbbbbbINFY,79285,79300,79292.5,15,213.0,2389.0,5463.0,2982.0,-0.8362797847809378,0.7004448059861053,1.8770685192386916,0.0008295017614515241
20082019,362,bbbbbbINFY,79310,79325,79317.5,15,918.0,88.0,3377.0,5103.0,0.8250497017892644,-0.629061959990218,1.6492836179566908,0.0014210465570271892
20082019,363,bbbbbbINFY,79255,79270,79262.5,15,532.0,18.0,4316.0,9777.0,0.9345454545454546,-0.8271012719532901,1.8845658488024202,0.0007751077011548637
20082019,364,bbbbbbINFY,79240,79250,79245.0,10,82.0,8.0,7027.0,2043.0,0.8222222222222222,1.2589497572606883,2.7221637012055915,0.0010966405909023172
20082019,365,bbbbbbINFY,79290,79300,79295.0,10,418.0,4284.0,6323.0,6744.0,-0.8222033177371332,0.1315390734727264,1.5911639833559665,0.0006553431914383351
20082019,366,bbbbbbINFY,79270,79275,79272.5,5,979.0,62.0,3433.0,10092.0,0.8808837656099904,-1.6243556688209788,5.814455116607019,0.00022742714837467254
20082019,367,bbbbbbINFY,79285,79290,79287.5,5,975.0,151.0,3759.0,5200.0,0.7317939609236235,-0.48847212620780045,2.187937842369033,0.0004037828404341134
20082019,368,bbbbbbINFY,79285,79300,79292.5,15,612.0,95.0,2867.0,3049.0,0.7312588401697313,-0.06536163462627183,1.1391483471614945,0.0005880822176218795
20082019,369,bbbbbbINFY,79295,79300,79297.5,5,1198.0,4232.0,3024.0,4784.0,-0.5587476979742173,-0.9484597445501322,3.1379212376315966,0.0002819846752046036
20082019,370,bbbbbbINFY,79290,79300,79295.0,10,1330.0,26.0,4581.0,703.0,0.9616519174041298,0.4580247074631473,2.622724936107246,0.00018916637207984504
20082019,371,bbbbbbINFY,79330,79335,79332.5,5,170.0,415.0,1724.0,7888.0,-0.4188034188034188,-1.6770173459208628,4.443452915260101,0.000864302838705442
20082019,372,bbbbbbINFY,79285,79290,79287.5,5,225.0,341.0,1873.0,1392.0,-0.2049469964664311,0.5217046040272466,1.750309073259365,0.00020913742095223179
20082019,373,bbbbbbINFY,79310,79320,79315.0,10,1001.0,100.0,13189.0,9411.0,0.818346957311535,0.32728289202847033,1.1706042192489257,0.0006730066035501953
20082019,374,bbbbbbINFY,79300,79330,79315.0,30,4086.0,1051.0,4337.0,18510.0,0.5908117578353125,-1.5227354598536174,3.752197618630447,0.0010529808264422916
20082019,375,bbbbbbINFY,79250,79260,79255.0,10,726.0,30.0,3459.0,2528.0,0.9206349206349206,0.30732609625977536,1.6691862878363914,0.000948306463405306
20082019,376,bbbbbbINFY,79250,79260,79255.0,10,726.0,30.0,3459.0,2528.0,0.9206349206349206,0.30732609625977536,1.6691862878363914,0.000948306463405306
20082019,377,bbbbbbINFY,79250,79260,79255.0,10,726.0,30.0,3459.0,2528.0,0.9206349206349206,0.30732609625977536,1.6691862878363914,0.000948306463405306
20082019,378,bbbbbbINFY,79250,79260,79255.0,10,726.0,30.0,3459.0,2528.0,0.9206349206349206,0.30732609625977536,1.6691862878363914,0.000948306463405306
20082019,379,bbbbbbINFY,79250,79260,79255.0,10,726.0,30.0,3459.0,2528.0,0.9206349206349206,0.30732609625977536,1.6691862878363914,0.000948306463405306
20082019,380,bbbbbbINFY,79250,79260,79255.0,10,726.0,30.0,3459.0,2528.0,0.9206349206349206,0.30732609625977536,1.6691862878363914,0.000948306463405306
20082019,381,bbbbbbINFY,79250,79260,79255.0,10,726.0,30.0,3459.0,2528.0,0.9206349206349206,0.30732609625977536,1.6691862878363914,0.000948306463405306
20082019,382,bbbbbbINFY,79250,79260,79255.0,10,726.0,30.0,3459.0,2528.0,0.9206349206349206,0.30732609625977536,1.6691862878363914,0.000948306463405306
20082019,383,bbbbbbINFY,79250,79260,79255.0,10,726.0,30.0,3459.0,2528.0,0.9206349206349206,0.30732609625977536,1.6691862878363914,0.000948306463405306
20082019,384,bbbbbbINFY,79250,79260,79255.0,10,726.0,30.0,3459.0,2528.0,0.9206349206349206,0.30732609625977536,1.6691862878363914,0.000948306463405306
20082019,385,bbbbbbINFY,79250,79260,79255.0,10,726.0,30.0,3459.0,2528.0,0.9206349206349206,0.30732609625977536,1.6691862878363914,0.000948306463405306
20082019,386,bbbbbbINFY,79245,79260,79252.5,15,263.0,30.0,2783.0,2528.0,0.7952218430034129,0.16517164977802828,1.4836869277327398,0.0007726235887428952
20082019,387,bbbbbbINFY,79245,79260,79252.5,15,263.0,30.0,2783.0,2378.0,0.7952218430034129,0.22850756592441554,1.5317176385124738,0.0007543840289258332
20082019,388,bbbbbbINFY,79245,79260,79252.5,15,263.0,30.0,2783.0,2378.0,0.7952218430034129,0.22850756592441554,1.5317176385124738,0.0007437601413912408
20082019,389,bbbbbbINFY,79245,79260,79252.5,15,263.0,30.0,2783.0,2378.0,0.7952218430034129,0.22850756592441554,1.5317176385124738,0.000722043570409855
20082019,390,bbbbbbINFY,79245,79260,79252.5,15,263.0,30.0,2783.0,2378.0,0.7952218430034129,0.22850756592441554,1.5317176385124738,0.0007109365670678064
20082019,391,bbbbbbINFY,79245,79260,79252.5,15,263.0,30.0,2783.0,2378.0,0.7952218430034129,0.22850756592441554,1.5317176385124738,0.0007109365670678064
20082019,392,bbbbbbINFY,79245,79260,79252.5,15,263.0,30.0,2783.0,2378.0,0.7952218430034129,0.22850756592441554,1.5317176385124738,0.0006083697043001602
20082019,393,bbbbbbINFY,79245,79260,79252.5,15,263.0,30.0,2783.0,2378.0,0.7952218430034129,0.22850756592441554,1.5317176385124738,0.0006083697043001602
20082019,394,bbbbbbINFY,79245,79260,79252.5,15,263.0,30.0,2783.0,2378.0,0.7952218430034129,0.22850756592441554,1.5317176385124738,0.0006083697043001603
20082019,395,bbbbbbINFY,79245,79260,79252.5,15,263.0,30.0,2783.0,2378.0,0.7952218430034129,0.22850756592441554,1.5317176385124738,0.0006083697043001603
20082019,396,bbbbbbINFY,79245,79260,79252.5,15,263.0,30.0,2783.0,2378.0,0.7952218430034129,0.22850756592441554,1.5317176385124738,0.0005202106770847775
20082019,397,bbbbbbINFY,79245,79260,79252.5,15,263.0,30.0,2783.0,2378.0,0.7952218430034129,0.22850756592441554,1.5317176385124738,0.0005202106770847775
20082019,398,bbbbbbINFY,79245,79260,79252.5,15,263.0,30.0,2783.0,2378.0,0.7952218430034129,0.22850756592441554,1.5317176385124738,0.0004136720923578734
20082019,399,bbbbbbINFY,79245,79260,79252.5,15,263.0,30.0,2783.0,2378.0,0.7952218430034129,0.22850756592441554,1.5317176385124738,0.0004136720923578734
20082019,400,bbbbbbINFY,79245,79260,79252.5,15,263.0,30.0,2783.0,2378.0,0.7952218430034129,0.22850756592441554,1.5317176385124738,0.0004136720923578734
20082019,401,bbbbbbINFY,79245,79260,79252.5,15,263.0,30.0,2783.0,2378.0,0.7952218430034129,0.22850756592441554,1.5317176385124738,0.0003939650807110793
20082019,402,bbbbbbINFY,79245,79260,79252.5,15,263.0,30.0,2783.0,2378.0,0.7952218430034129,0.22850756592441554,1.5317176385124738,0.0003939650807110793
20082019,403,bbbbbbINFY,79245,79260,79252.5,15,263.0,30.0,2783.0,2378.0,0.7952218430034129,0.22850756592441554,1.5317176385124738,0.0003939650807110793
20082019,404,bbbbbbINFY,79245,79260,79252.5,15,263.0,30.0,2783.0,2378.0,0.7952218430034129,0.22850756592441554,1.5317176385124738,0.0003939650807110793
20082019,405,bbbbbbINFY,79245,79260,79252.5,15,263.0,30.0,2783.0,2378.0,0.7952218430034129,0.22850756592441554,1.5317176385124738,0.0003939650807110793
